name	isolate	host	country	date	SOURCE	latitude	longitude	coordinate_loc	general_comment	representative	sliding_window	GARD	phylogeography
OR233298.1	Rt22QB78	Rhinolophus thomasi	Vietnam	2022-11-10	10.1111/mec.17486	17.73	105.78		nan	N	N	N	N
OR233299.1	Rt22QB8	Rhinolophus thomasi	Vietnam	2022-11-07	10.1111/mec.17486	17.73	105.78		nan	N	N	N	N
OR233317.1	Rt22QT178	Rhinolophus thomasi	Vietnam	2022-11-05	10.1111/mec.17486	16.72	106.7		nan	N	N	N	N
OR233316.1	Rt22QT161	Rhinolophus thomasi	Vietnam	2022-11-05	10.1111/mec.17486	16.72	106.7		nan	N	N	N	N
OR233328.1	Ra22QT137	Rhinolophus affinis	Vietnam	2022-11-04	10.1111/mec.17486	16.72	106.7		nan	N	Y	N	N
OR233300.1	Rt22QT124	Rhinolophus thomasi	Vietnam	2022-11-04	10.1111/mec.17486	16.72	106.7		nan	N	N	N	N
OR233323.1	Ra22QT135	Rhinolophus affinis	Vietnam	2022-11-04	10.1111/mec.17486	16.72	106.7		nan	N	Y	Y	Y
OR233324.1	Ra22QT77	Rhinolophus affinis	Vietnam	2022-11-03	10.1111/mec.17486	16.72	106.7		nan	Y	Y	N	Y
OR233322.1	Ra22QT106	Rhinolophus affinis	Vietnam	2022-11-03	10.1111/mec.17486	16.72	106.7		nan	N	Y	N	N
OR233319.1	Rt22QT46	Rhinolophus thomasi	Vietnam	2022-11-02	10.1111/mec.17486	16.72	106.7		nan	N	N	N	N
OR233320.1	Rt22QT48	Rhinolophus thomasi	Vietnam	2022-11-02	10.1111/mec.17486	16.72	106.7		nan	N	N	N	N
OR233321.1	Rt22QT53	Rhinolophus thomasi	Vietnam	2022-11-02	10.1111/mec.17486	16.72	106.7		nan	N	N	N	N
OR233318.1	Rt22QT36	Rhinolophus thomasi	Vietnam	2022-11-01	10.1111/mec.17486	16.72	106.7		nan	N	N	N	N
OR233315.1	Ra22QT27	Rhinolophus affinis	Vietnam	2022-11-01	10.1111/mec.17486	16.72	106.7		nan	N	N	N	N
OR233311.1	Rt22SL130	Rhinolophus thomasi	Vietnam	2022-07-04	10.1111/mec.17486	20.87	104.71		nan	N	N	N	N
OR233312.1	Rt22SL58	Rhinolophus thomasi	Vietnam	2022-07-03	10.1111/mec.17486	20.87	104.71		nan	N	N	N	N
OR233309.1	Rt22SL67	Rhinolophus thomasi	Vietnam	2022-07-03	10.1111/mec.17486	20.87	104.71		nan	N	N	N	N
OR233313.1	Rt22SL85	Rhinolophus thomasi	Vietnam	2022-07-03	10.1111/mec.17486	20.87	104.71		nan	N	N	N	N
OR233301.1	Rt22SL115	Rhinolophus thomasi	Vietnam	2022-07-03	10.1111/mec.17486	20.87	104.71		nan	N	N	N	N
OR233314.1	Rt22SL92	Rhinolophus thomasi	Vietnam	2022-07-03	10.1111/mec.17486	20.87	104.71		nan	N	N	N	N
OR233303.1	Rt22SL9	Rhinolophus thomasi	Vietnam	2022-07-01	10.1111/mec.17486	21.2	104.0		nan	N	N	N	N
OR233304.1	Ra22DB191	Rhinolophus affinis	Vietnam	2022-06-28	10.1111/mec.17486	22.39	102.24		nan	N	N	N	N
OR233326.1	Ra22DB173	Rhinolophus affinis	Vietnam	2022-06-27	10.1111/mec.17486	22.39	102.24		nan	N	N	N	N
OR233302.1	Rp22DB159	Rhinolophus pusillus	Vietnam	2022-06-26	10.1111/mec.17486	22.39	102.24		nan	Y	Y	N	Y
OR233325.1	Ra22DB163	Rhinolophus affinis	Vietnam	2022-06-26	10.1111/mec.17486	22.39	102.24		nan	Y	N	N	N
OR233292.1	Ra22DB107	Rhinolophus affinis	Vietnam	2022-06-24	10.1111/mec.17486	22.39	102.24		nan	N	N	N	N
OR233310.1	Rt22DB38	Rhinolophus thomasi	Vietnam	2022-06-18	10.1111/mec.17486	21.64	103.41		nan	N	N	N	N
OR233294.1	Rt22DB31	Rhinolophus thomasi	Vietnam	2022-06-18	10.1111/mec.17486	21.64	103.41		nan	N	N	N	N
OR233307.1	Rt22LC376	Rhinolophus thomasi	Vietnam	2022-03-06	10.1111/mec.17486	22.4	103.84		nan	N	N	N	N
OR233296.1	Rt22LC378	Rhinolophus thomasi	Vietnam	2022-03-06	10.1111/mec.17486	22.4	103.84		nan	N	N	N	N
OR233306.1	Rt22LC371	Rhinolophus thomasi	Vietnam	2022-03-06	10.1111/mec.17486	22.4	103.84		nan	N	N	N	N
OR233293.1	Rt22CB395	Rhinolophus thomasi	Vietnam	2022-02-28	10.1111/mec.17486	22.56	105.87		nan	N	N	N	N
OR233291.1	Ra21CB8	Rhinolophus affinis	Vietnam	2021-12-10	10.1111/mec.17486	22.56	105.87		nan	N	N	N	N
OR233305.1	Rt321LC192	Rhinolophus thomasi	Vietnam	2021-11-14	10.1111/mec.17486	22.4	103.84		nan	N	N	N	N
OR233297.1	Rt21LC92	Rhinolophus thomasi	Vietnam	2021-11-12	10.1111/mec.17486	22.4	103.84		nan	N	N	N	N
OR233308.1	Rt21LC39	Rhinolophus thomasi	Vietnam	2021-11-12	10.1111/mec.17486	22.4	103.84		nan	N	N	N	N
OQ401247.1	RfGB01	Rhinolophus ferrumequinum	Chudleigh	2021-09-27	10.1038/s41467-023-38717-w	50.60708245701495	-3.601609337870189		nan	N	N	N	N
OP776339.1	RhGB05	Rhinolophus hipposideros	United Kingdom	2021-09-10	10.1101/2023.02.14.528476				nan	N	N	N	N
OP776340.1	RhGB06	Rhinolophus hipposideros	United Kingdom	2021-08-30	10.1101/2023.02.14.528476				nan	N	N	N	N
OQ401249.1	RfGB02	Rhinolophus ferrumequinum	Buckfastleigh	2021-08-27	10.1038/s41467-023-38717-w	50.48187163580492	-3.781388522291197		nan	N	N	N	N
OK017841.1	JX2021L	Rhinolophus sinicus	Jiangxi	2021-07	10.1093/nsr/nwac213	27.40117697858004	115.33784643450134	Jiangxi	nan	N	N	N	N
OK017807.1	AH2021A	Rhinolophus sinicus	Anhui	2021-07	10.1093/nsr/nwac213	30.99464120755001	117.65384642733508	Anhui	nan	N	N	N	N
OK017840.1	JX2021K	Rhinolophus sinicus	Jiangxi	2021-07	10.1093/nsr/nwac213	27.40117697858004	115.33784643450134	Jiangxi	nan	N	N	N	N
OK017837.1	JX2021C	Rhinolophus sinicus	Jiangxi	2021-07	10.1093/nsr/nwac213	27.40117697858004	115.33784643450134	Jiangxi	nan	N	N	N	N
OK017839.1	JX2021J	Rhinolophus sinicus	Jiangxi	2021-07	10.1093/nsr/nwac213	27.40117697858004	115.33784643450134	Jiangxi	nan	N	N	N	N
OK017838.1	JX2021G	Rhinolophus sinicus	Jiangxi	2021-07	10.1093/nsr/nwac213	27.40117697858004	115.33784643450134	Jiangxi	nan	N	N	N	N
OK017843.1	JX2021N	Rhinolophus sinicus	Jiangxi	2021-07	10.1093/nsr/nwac213	27.40117697858004	115.33784643450134	Jiangxi	nan	N	N	N	N
OK017844.1	JX2021O	Rhinolophus sinicus	Jiangxi	2021-07	10.1093/nsr/nwac213	27.40117697858004	115.33784643450134	Jiangxi	nan	N	N	N	N
OK017842.1	JX2021M	Rhinolophus sinicus	Jiangxi	2021-07	10.1093/nsr/nwac213	27.40117697858004	115.33784643450134	Jiangxi	nan	N	N	N	N
OR261264.1	RtVN21-193	Rhinolophus thomasi	Vietnam	2021-07	10.3390/v15091897	20.734502	104.505343		nan	N	N	N	N
OR261263.1	RtVN21-192	Rhinolophus thomasi	Vietnam	2021-07	10.3390/v15091897	20.736283	104.50463		nan	N	N	N	N
OK017860.1	JX2021D	Rhinolophus siamensis	Jiangxi	2021-07	10.1093/nsr/nwac213	27.40117697858004	115.33784643450134	Jiangxi	nan	N	N	N	N
OK017836.1	JX2021AC	Rhinolophus sinicus	Jiangxi	2021-07	10.1093/nsr/nwac213	27.40117697858004	115.33784643450134	Jiangxi	nan	N	N	N	N
OR261265.1	RsVN21-195	Rhinolophus siamensis	Vietnam	2021-07	10.3390/v15091897	20.734502	104.505343		nan	N	N	N	N
OR261266.1	RtVN21-197	Rhinolophus thomasi	Vietnam	2021-07	10.3390/v15091897	20.734502	104.505343		nan	N	N	N	N
OK017845.1	JX2021P	Rhinolophus sinicus	Jiangxi	2021-07	10.1093/nsr/nwac213	27.40117697858004	115.33784643450134	Jiangxi	nan	N	N	N	N
OR261267.1	RtVN21-200	Rhinolophus thomasi	Vietnam	2021-07	10.3390/v15091897	20.734502	104.505343		nan	N	N	N	N
OR261268.1	RtVN21-201	Rhinolophus thomasi	Vietnam	2021-07	10.3390/v15091897	20.734502	104.505343		nan	N	N	N	N
OP776338.1	RhGB02	Rhinolophus hipposideros	United Kingdom	2021-06-24	10.1101/2023.02.14.528476				nan	N	N	N	N
OK017809.1	FJ2021D	Rhinolophus sinicus	Fujian	2021-05	10.1093/nsr/nwac213	25.64631890866084	118.03823738207568	Fujian	nan	N	N	N	N
OK017810.1	FJ2021E	Rhinolophus sinicus	Fujian	2021-05	10.1093/nsr/nwac213	25.64631890866084	118.03823738207568	Fujian	nan	N	N	N	N
OK017811.1	FJ2021M	Rhinolophus sinicus	Fujian	2021-05	10.1093/nsr/nwac213	25.64631890866084	118.03823738207568	Fujian	nan	N	N	N	N
OK017808.1	FJ2021A	Rhinolophus sinicus	Fujian	2021-05	10.1093/nsr/nwac213	25.64631890866084	118.03823738207568	Fujian	nan	N	N	N	N
OK017806.1	YN2021	Rhinolophus pusillus	Yunnan	2021-04	10.1093/nsr/nwac213	24.2662109374504	101.49052981981724	Yunnan	nan	Y	Y	N	Y
OK017834.1	HN2021E	Rhinolophus sinicus	Hunan	2021-03	10.1093/nsr/nwac213	28.02499168710197	111.30904305284376	Hunan	nan	N	N	N	N
OK017835.1	HN2021F	Rhinolophus sinicus	Hunan	2021-03	10.1093/nsr/nwac213	28.02499168710197	111.30904305284376	Hunan	nan	N	N	N	N
OK017805.1	HN2021G	Rhinolophus pusillus	Hunan	2021-03	10.1093/nsr/nwac213	28.02499168710197	111.30904305284376	Hunan	nan	N	Y	N	Y
OK017831.1	GZ2021I	Rhinolophus sinicus	Guizhou	2021-03	10.1093/nsr/nwac213	27.560934352206324	107.59350733337706	Guizhou	nan	N	N	N	N
OK017830.1	GZ2021H	Rhinolophus sinicus	Guizhou	2021-03	10.1093/nsr/nwac213	27.560934352206324	107.59350733337706	Guizhou	nan	N	N	N	N
OK017829.1	GZ2021C	Rhinolophus sinicus	Guizhou	2021-03	10.1093/nsr/nwac213	27.560934352206324	107.59350733337706	Guizhou	nan	N	N	N	N
OR261262.1	RtVN21-29	Rhinolophus thomasi	Vietnam	2021-03	10.3390/v15091897	20.88282	103.69528		nan	N	N	N	N
OK017804.1	HN2021B	Rhinolophus pusillus	Hunan	2021-02	10.1093/nsr/nwac213	28.02499168710197	111.30904305284376	Hunan	nan	Y	Y	N	N
OK017803.1	HN2021A	Rhinolophus pusillus	Hunan	2021-02	10.1093/nsr/nwac213	28.02499168710197	111.30904305284376	Hunan	nan	N	Y	N	Y
OK017833.1	HN2021D	Rhinolophus sinicus	Hunan	2021-02	10.1093/nsr/nwac213	28.02499168710197	111.30904305284376	Hunan	nan	N	N	N	N
OK017832.1	HN2021C	Rhinolophus sinicus	Hunan	2021-02	10.1093/nsr/nwac213	28.02499168710197	111.30904305284376	Hunan	nan	N	N	N	N
OQ401248.1	RhGB07	Rhinolophus hipposideros	United Kingdom	2020-10-05	10.1038/s41467-023-38717-w	50.135254	-5.1101783		nan	N	N	N	N
OK287354.1	BetaCoV_Yunnan_Rs_KMC6_2020	Rhinolophus sinicus	Yunnan	2020-10	nan	24.2662109374504	101.49052981981724	Yunnan	nan	N	N	N	N
OQ175342.1	BtRs-BetaCoV/YN2020-Q322	Rhinolophus affinis	Yunnan	2020-09-30	10.1038/s41467-023-41264-z	22.82635072905932	100.96675627294042	Puer	nan	N	N	N	N
MW719567.1	RhGB01	Rhinolophus hipposideros	United Kingdom	2020-09-18	10.1038/s41598-021-94011-z	51.84088549634896	-2.089812823809948	Gloucestershire	nan	N	N	N	N
OM240725.1	RaCH025	Rhinolophus affinis	Guangdong	2020-09-17	10.1128/mbio.00463-22	23.18938968	113.2220882	Guangzhou	nan	N	N	N	N
OK017793.1	YN2020A	Rhinolophus affinis	Yunnan	2020-09	10.1093/nsr/nwac213	24.2662109374504	101.49052981981724	Yunnan	nan	N	N	N	N
OK017796.1	LN2020C	Rhinolophus ferrumequinum	Liaoning	2020-09	10.1093/nsr/nwac213	41.18857072926328	124.2218530800912	Liaoning	nan	N	N	N	N
OK017797.1	LN2020E	Rhinolophus ferrumequinum	Liaoning	2020-09	10.1093/nsr/nwac213	41.18857072926328	124.2218530800912	Liaoning	nan	N	N	N	N
OK017798.1	LN2020F	Rhinolophus ferrumequinum	Liaoning	2020-09	10.1093/nsr/nwac213	41.18857072926328	124.2218530800912	Liaoning	nan	N	N	N	N
OK017799.1	LN2020G	Rhinolophus ferrumequinum	Liaoning	2020-09	10.1093/nsr/nwac213	41.18857072926328	124.2218530800912	Liaoning	nan	N	N	N	N
OK017800.1	LN2020H	Rhinolophus ferrumequinum	Liaoning	2020-09	10.1093/nsr/nwac213	41.18857072926328	124.2218530800912	Liaoning	nan	N	N	N	N
OK017795.1	LN2020B	Rhinolophus ferrumequinum	Liaoning	2020-09	10.1093/nsr/nwac213	41.18857072926328	124.2218530800912	Liaoning	nan	N	N	N	N
LC663959.1	Rc-mk2	Rhinolophus cornutus	Chiba	2020-09	10.3201/eid2812.220801	35.60129395194319	140.1842559587301	Chiba	nan	N	Y	N	N
LC663793.1	Rc-kw8	Rhinolophus cornutus	Shizuoka	2020-09	10.3201/eid2812.220803	34.9481201749123	138.04783941016322	Shizuoka	nan	N	Y	N	N
OK017794.1	LN2020A	Rhinolophus ferrumequinum	Liaoning	2020-09	10.1093/nsr/nwac213	41.18857072926328	124.2218530800912	Liaoning	nan	N	N	N	N
OQ175349.1	BtRs-BetaCoV/HB2020-Q329	Rhinolophus sinicus	Hubei	2020-08-13	10.1038/s41467-023-41264-z	31.03720656856486	112.19995360300588	Jingmen	nan	N	N	N	N
MZ081382.1	bat/Yunnan/RsYN09/2020	Rhinolophus stheno	Yunnan	2020-07-28	10.1016/j.cell.2021.06.008	21.47195673	101.556792	Mengla	nan	N	N	N	N
RacCS20600b	RacCS20600b	Rhinolophus acuminatus	Thailand	2020-07-22	this paper	13.409845054231498	101.88015941162524		nan	Y	N	N	Y
RacCS20632	RacCS20632	Rhinolophus acuminatus	Thailand	2020-07-22	this paper	13.409845054231498	101.88015941162524		RdRp/Spike only	Y	N	N	N
RacCS20583	RacCS20583	Rhinolophus acuminatus	Thailand	2020-07-22	this paper	13.409845054231498	101.88015941162524		nan	Y	N	N	Y
RacCS20588	RacCS20588	Rhinolophus acuminatus	Thailand	2020-07-22	this paper	13.409845054231498	101.88015941162524		nan	Y	N	N	Y
RacCS20636	RacCS20636	Rhinolophus acuminatus	Thailand	2020-07-22	this paper	13.409845054231498	101.88015941162524		RdRp/Spike only	Y	N	N	N
RacCS20620	RacCS20620	Rhinolophus acuminatus	Thailand	2020-07-22	this paper	13.409845054231498	101.88015941162524		RdRp/Spike only	Y	N	N	N
RacCS20605	RacCS20605	Rhinolophus acuminatus	Thailand	2020-07-22	this paper	13.409845054231498	101.88015941162524		nan	Y	N	N	Y
RacCS20601	RacCS20601	Rhinolophus acuminatus	Thailand	2020-07-22	this paper	13.409845054231498	101.88015941162524		RdRp/Spike only	Y	N	N	N
RacCS20597	RacCS20597	Rhinolophus acuminatus	Thailand	2020-07-22	this paper	13.409845054231498	101.88015941162524		RdRp/Spike only	Y	N	N	N
RacCS20587	RacCS20587	Rhinolophus acuminatus	Thailand	2020-07-22	this paper	13.409845054231498	101.88015941162524		RdRp/Spike only	Y	N	N	N
RacCS20574	RacCS20574	Rhinolophus acuminatus	Thailand	2020-07-22	this paper	13.409845054231498	101.88015941162524		RdRp/Spike only	Y	N	N	N
RacCS20552	RacCS20552	Rhinolophus acuminatus	Thailand	2020-07-22	this paper	13.409845054231498	101.88015941162524		RdRp/Spike only	Y	N	N	N
RacCS20637	RacCS20637	Rhinolophus acuminatus	Thailand	2020-07-22	this paper	13.409845054231498	101.88015941162524		nan	Y	Y	N	Y
RacCS20600a	RacCS20600a	Rhinolophus acuminatus	Thailand	2020-07-22	this paper	13.409845054231498	101.88015941162524		nan	Y	N	N	Y
RacCS20639	RacCS20639	Rhinolophus acuminatus	Thailand	2020-07-22	this paper	13.409845054231498	101.88015941162524		RdRp/Spike only	Y	N	N	N
MZ081378.1	bat/Yunnan/RmYN08/2020	Rhinolophus malayanus	Yunnan	2020-07-14	10.1016/j.cell.2021.06.008	21.47195673	101.556792	Mengla	nan	N	Y	N	N
MZ937003.1	BANAL-20-236	Rhinolophus marshalli	Laos	2020-07-10	10.21203/rs.3.rs-871965/v1	18.66585993222259	102.14923141373971	Fueng‚Äã‚Äã‚Äã District‚Äã, Vientiane Province 	nan	Y	Y	Y	Y
MZ937004.1	BANAL-20-247	Rhinolophus malayanus	Laos	2020-07-10	10.21203/rs.3.rs-871965/v1	18.66585993222259	102.14923141373971	Fueng‚Äã‚Äã‚Äã District‚Äã, Vientiane Province 	nan	Y	Y	Y	Y
MZ937001.1	BANAL-20-103	Rhinolophus pusillus	Laos	2020-07-07	10.21203/rs.3.rs-871965/v1	18.66585993222259	102.14923141373971	Fueng‚Äã‚Äã‚Äã District‚Äã, Vientiane Province 	nan	Y	Y	Y	Y
MZ937002.1	BANAL-20-116	Rhinolophus malayanus	Laos	2020-07-07	10.21203/rs.3.rs-871965/v1	18.66585993222259	102.14923141373971	Fueng‚Äã‚Äã‚Äã District‚Äã, Vientiane Province 	nan	Y	Y	N	Y
MZ937000.1	BANAL-20-52	Rhinolophus malayanus	Laos	2020-07-05	10.21203/rs.3.rs-871965/v1	18.66585993222259	102.14923141373971	Fueng‚Äã‚Äã‚Äã District‚Äã, Vientiane Province 	nan	Y	Y	Y	Y
OK017802.1	HB2020E	Rhinolophus sp.	Hubei	2020-07	10.1093/nsr/nwac213	31.695111423993936	111.07961660868963	Hubei	nan	N	N	N	N
OK017801.1	HB2020D	Rhinolophus sp.	Hubei	2020-07	10.1093/nsr/nwac213	31.695111423993936	111.07961660868963	Hubei	nan	N	N	N	N
OQ175348.1	BtRs-BetaCoV/YN2020-Q328	Rhinolophus sinicus	Yunnan	2020-06-25	10.1038/s41467-023-41264-z	23.386071911547702	103.38375938299626	Honghe Hanizu Yizu Aut. Prefecture	nan	N	N	N	N
OQ175347.1	BtRs-BetaCoV/YN2020-Q327	Rhinolophus sinicus	Yunnan	2020-06-24	10.1038/s41467-023-41264-z	23.386071911547702	103.38375938299626	Honghe Hanizu Yizu Aut. Prefecture	nan	N	N	N	N
OQ175346.1	BtRs-BetaCoV/YN2020-Q326	Rhinolophus sinicus	Yunnan	2020-06-23	10.1038/s41467-023-41264-z	23.386071911547702	103.38375938299626	Honghe Hanizu Yizu Aut. Prefecture	nan	N	N	N	N
OQ175350.1	BtRs-BetaCoV/YN2020-Q330	Rhinolophus sinicus	Yunnan	2020-06-23	10.1038/s41467-023-41264-z	23.386071911547702	103.38375938299626	Honghe Hanizu Yizu Aut. Prefecture	nan	N	N	N	N
OQ175345.1	BtRs-BetaCoV/YN2020-Q325	Rhinolophus sinicus	Yunnan	2020-06-22	10.1038/s41467-023-41264-z	23.386071911547702	103.38375938299626	Honghe Hanizu Yizu Aut. Prefecture	nan	N	N	N	N
OQ175344.1	BtRs-BetaCoV/YN2020-Q324	Rhinolophus sinicus	Yunnan	2020-06-22	10.1038/s41467-023-41264-z	23.386071911547702	103.38375938299626	Honghe Hanizu Yizu Aut. Prefecture	nan	N	N	N	N
MW251308.1	RacCS203	Rhinolophus acuminatus	Thailand	2020-06-19	10.1038/s41467-021-21240-1	13.409845054231498	101.88015941162524	Chachoengsao	nan	Y	Y	Y	Y
MZ081377.1	bat/Yunnan/RmYN07/2020	Rhinolophus malayanus	Yunnan	2020-06-03	10.1016/j.cell.2021.06.008	21.47195673	101.556792	Mengla	nan	N	N	N	N
OK017853.1	YN2020C	Rhinolophus sinicus	Yunnan	2020-06	10.1093/nsr/nwac213	24.2662109374504	101.49052981981724	Yunnan	nan	N	N	N	N
LC663958.1	Rc-os20	Rhinolophus cornutus	Niigata	2020-06	10.3201/eid2812.220802	37.257394050239405	138.66909676926716	Niigata	nan	N	Y	N	N
OK017852.1	YN2020B	Rhinolophus sinicus	Yunnan	2020-06	10.1093/nsr/nwac213	24.2662109374504	101.49052981981724	Yunnan	nan	N	N	N	N
OK017858.1	YN2020H	Rhinolophus sinicus	Yunnan	2020-06	10.1093/nsr/nwac213	24.2662109374504	101.49052981981724	Yunnan	nan	N	N	N	N
OK017855.1	YN2020E	Rhinolophus sinicus	Yunnan	2020-06	10.1093/nsr/nwac213	24.2662109374504	101.49052981981724	Yunnan	nan	N	N	N	N
OK017856.1	YN2020F	Rhinolophus sinicus	Yunnan	2020-06	10.1093/nsr/nwac213	24.2662109374504	101.49052981981724	Yunnan	nan	N	N	N	N
OK017857.1	YN2020G	Rhinolophus sinicus	Yunnan	2020-06	10.1093/nsr/nwac213	24.2662109374504	101.49052981981724	Yunnan	nan	N	N	N	N
OK017854.1	YN2020D	Rhinolophus sinicus	Yunnan	2020-06	10.1093/nsr/nwac213	24.2662109374504	101.49052981981724	Yunnan	nan	N	N	N	N
MZ081376.1	bat/Yunnan/RmYN05/2020	Rhinolophus malayanus	Yunnan	2020-05-25	10.1016/j.cell.2021.06.008	21.47195673	101.556792	Mengla	nan	N	Y	N	N
MZ081381.1	RpYN06	Rhinolophus pusillus	Yunnan	2020-05-25	10.1016/j.cell.2021.06.008	21.47195673	101.556792	Mengla	nan	Y	Y	Y	Y
MW681002.1	Rs56	Rhinolophus sinicus	Guangdong	2020-04-29	10.1128/mbio.00463-22	23.18938968	113.2220882	Guangzhou	nan	N	N	N	N
MZ081380.1	RsYN04	Rhinolophus stheno	Yunnan	2020-04-18	10.1016/j.cell.2021.06.008	21.47195673	101.556792	Mengla	nan	Y	Y	N	N
ON378802.1	BatCoV_B20-50	Rhinolophus ferrumequinum	South Korea	2020-03-20	10.3390/v14071389				nan	Y	N	N	N
OK287355.1	BetaCoV_Yunnan_Rp_JCC9_2020	Rhinolophus blythi	Yunnan	2020-03	nan	24.2662109374504	101.49052981981724	Yunnan	nan	N	Y	Y	Y
MZ190137.1	BtCoV/Khosta-1/Rh/Russia/2020	Rhinolophus ferrumequinum	Russia	2020	10.3390/v14010113	43.57085328729976	39.748099716458825	Sochi National Park	nan	N	N	N	N
MZ190138.1	BtCoV/Khosta-2/Rh/Russia/2020	Rhinolophus hipposideros	Russia	2020	10.3390/v14010113	43.57085328729976	39.748099716458825	Sochi National Park	nan	N	N	N	N
MN908947.3	SARS-CoV-2	Homo sapiens	Hubei	2019-12	nan	30.67321023	114.2987561	Wuhan	nan	Y	Y	N	N
MZ081379.1	bat/Yunnan/RsYN03/2019	Rhinolophus sinicus	Yunnan	2019-10-22	10.1016/j.cell.2021.06.008	21.47195673	101.556792	Mengla	nan	N	N	N	N
OK017859.1	GX2019A	Rhinolophus siamensis	Guangxi	2019-09	10.1093/nsr/nwac213	23.80307649605036	110.74813931498792	Guangxi	nan	N	N	N	N
OK017827.1	GD2019D	Rhinolophus sinicus	Guangdong	2019-09	10.1093/nsr/nwac213	23.86367166708743	115.13543046617524	Guangdong	nan	N	N	N	N
OK017828.1	GD2019E	Rhinolophus sinicus	Guangdong	2019-09	10.1093/nsr/nwac213	23.86367166708743	115.13543046617524	Guangdong	nan	N	N	N	N
OK017825.1	GD2019A	Rhinolophus sinicus	Guangdong	2019-08	10.1093/nsr/nwac213	23.86367166708743	115.13543046617524	Guangdong	nan	N	N	N	N
OK017826.1	GD2019B	Rhinolophus sinicus	Guangdong	2019-08	10.1093/nsr/nwac213	23.86367166708743	115.13543046617524	Guangdong	nan	N	N	N	N
EPI_ISL_412977	RmYN02	Rhinolophus malayanus	Yunnan	2019-06-25	10.1016/j.cub.2020.05.023	21.47195672907145	101.556792038927	Mengla	nan	Y	Y	Y	Y
OQ503498.1	RsHuB2019A	Rhinolophus sinicus	Hubei	2019-04-19	10.1128/jvi.00395-23	29.78537	114.31567	Xianning city	nan	N	N	N	N
OQ503499.1	RsHuB2019B	Rhinolophus sinicus	Hubei	2019-04-19	10.1128/jvi.00395-23	29.78537	114.31567	Xianning city	nan	N	N	N	N
MT121216.1	MP789	Manis javanica	Guangdong	2019-03-29	10.1371/journal.ppat.1008421	23.86367166708743	115.13543046617524	Guangdong	nan	Y	Y	Y	N
MW703458.1	PrC31	Rhinolophus pusillus	Yunnan	2018-08	10.1080/22221751.2021.1964925	24.26621094	101.4905298	Yunnan	nan	N	Y	N	Y
OQ503506.1	RsYN2018	Rhinolophus thomasi	Yunnan	2018-07-03	10.1128/jvi.00395-23	22.43185	100.66897	Jingne county, Jinghong city	nan	N	N	N	N
OQ175343.1	BtRp-BetaCoV/GD2018-Q323	Rhinolophus pusillus	Guangdong	2018-05-09	10.1038/s41467-023-41264-z	23.119934636082764	114.40577475998484	Huizhou	nan	N	N	N	N
OP963576.1	BtSY2	Rhinolophus pusillus	Yunnan	2018	10.1038/s41467-023-39835-1	25.0329	101.54615	Chuxiong	nan	Y	Y	N	Y
OP963575.1	BtSY1	Rhinolophus thomasi	Yunnan	2018	10.1038/s41467-023-39835-1	25.83772	98.85534	Lushui	nan	N	N	N	N
MT072864.1	PCoV_GX-P2V	Manis javanica	Guangxi	2018	10.1038/s41586-020-2169-0	23.803076500000003	110.7481393	Guangxi	nan	N	N	N	N
OK017824.1	GD2017W	Rhinolophus sinicus	Guangdong	2017-09	10.1093/nsr/nwac213	23.86367166708743	115.13543046617524	Guangdong	nan	N	N	N	N
OK017823.1	GD2017Q	Rhinolophus sinicus	Guangdong	2017-09	10.1093/nsr/nwac213	23.86367166708743	115.13543046617524	Guangdong	nan	N	N	N	N
OK017818.1	GD2017L	Rhinolophus sinicus	Guangdong	2017-09	10.1093/nsr/nwac213	23.86367166708743	115.13543046617524	Guangdong	nan	N	N	N	N
OK017817.1	GD2017K	Rhinolophus sinicus	Guangdong	2017-09	10.1093/nsr/nwac213	23.86367166708743	115.13543046617524	Guangdong	nan	N	N	N	N
OK017816.1	GD2017J	Rhinolophus sinicus	Guangdong	2017-09	10.1093/nsr/nwac213	23.86367166708743	115.13543046617524	Guangdong	nan	N	N	N	N
OK017815.1	GD2017I	Rhinolophus sinicus	Guangdong	2017-09	10.1093/nsr/nwac213	23.86367166708743	115.13543046617524	Guangdong	nan	N	N	N	N
OK017814.1	GD2017H	Rhinolophus sinicus	Guangdong	2017-09	10.1093/nsr/nwac213	23.86367166708743	115.13543046617524	Guangdong	nan	N	N	N	N
OK017813.1	GD2017G	Rhinolophus sinicus	Guangdong	2017-09	10.1093/nsr/nwac213	23.86367166708743	115.13543046617524	Guangdong	nan	N	N	N	N
OK017820.1	GD2017N	Rhinolophus sinicus	Guangdong	2017-09	10.1093/nsr/nwac213	23.86367166708743	115.13543046617524	Guangdong	nan	N	N	N	N
OK017821.1	GD2017O	Rhinolophus sinicus	Guangdong	2017-09	10.1093/nsr/nwac213	23.86367166708743	115.13543046617524	Guangdong	nan	N	N	N	N
OK017822.1	GD2017P	Rhinolophus sinicus	Guangdong	2017-09	10.1093/nsr/nwac213	23.86367166708743	115.13543046617524	Guangdong	nan	N	N	N	N
OK017819.1	GD2017M	Rhinolophus sinicus	Guangdong	2017-09	10.1093/nsr/nwac213	23.86367166708743	115.13543046617524	Guangdong	nan	N	N	N	N
OK017792.1	GD2017F	Rhinolophus affinis	Guangdong	2017-08	10.1093/nsr/nwac213	23.86367166708743	115.13543046617524	Guangdong	nan	N	N	N	N
OR233295.1	Rt17DN420	Rhinolophus thomasi	Vietnam	2017-06-04	10.1111/mec.17486	11.88	107.98		nan	N	N	N	N
MG772933.1	bat-SL-CoVZC45	Rhinolophus pusillus	Zhejiang	2017-02	10.1038/s41426-018-0155-5	29.99128034	122.1944505	Zhoushan	nan	Y	Y	N	Y
MT040336.1	PCoV_GX-P5E	Manis javanica	Guangxi	2017	10.1038/s41586-020-2169-0	23.803076500000003	110.7481393	Guangxi	nan	N	N	N	N
MT040334.1	PCoV_GX-P1E	Manis javanica	Guangxi	2017	10.1038/s41586-020-2169-0	23.803076500000003	110.7481393	Guangxi	nan	N	Y	N	N
MT040333.1	PCoV_GX-P4L	Manis javanica	Guangxi	2017	10.1038/s41586-020-2169-0	23.803076500000003	110.7481393	Guangxi	nan	N	N	N	N
MT040335.1	PCoV_GX-P5L	Manis javanica	Guangxi	2017	10.1038/s41586-020-2169-0	23.803076500000003	110.7481393	Guangxi	nan	Y	N	N	N
MK211377.1	BtRs-BetaCoV/YN2018C	Rhinolophus sinicus	Yunnan	2016-09	10.3389/fmicb.2019.01900	24.2662109374504	101.49052981981724	Yunnan	species correction: https://www.frontiersin.org/articles/10.3389/fmicb.2020.597510/full	N	N	N	N
MK211376.1	BtRs-BetaCoV/YN2018B	Rhinolophus sinicus	Yunnan	2016-09	10.3389/fmicb.2019.01900	24.2662109374504	101.49052981981724	Yunnan	species correction: https://www.frontiersin.org/articles/10.3389/fmicb.2020.597510/full	N	N	N	N
MK211375.1	BtRs-BetaCoV/YN2018A	Rhinolophus sinicus	Yunnan	2016-09	10.3389/fmicb.2019.01900	24.2662109374504	101.49052981981724	Yunnan	species correction: https://www.frontiersin.org/articles/10.3389/fmicb.2020.597510/full	N	N	N	N
MK211378.1	BtRs-BetaCoV/YN2018D	Rhinolophus sinicus	Yunnan	2016-09	10.3389/fmicb.2019.01900	24.2662109374504	101.49052981981724	Yunnan	species correction: https://www.frontiersin.org/articles/10.3389/fmicb.2020.597510/full	N	N	N	N
OQ503504.1	RsYN2016A	Rhinolophus sinicus	Yunnan	2016-08-13	10.1128/jvi.00395-23	24.46465	102.32157	Xiyang town, Jinning county, Kunming city	nan	N	N	N	N
OQ503505.1	RsYN2016C	Rhinolophus sinicus	Yunnan	2016-08-13	10.1128/jvi.00395-23	24.46465	102.32157	Xiyang town, Jinning county, Kunming city	nan	N	N	N	N
MK211374.1	BtRl-BetaCoV/SC2018	Rhinolophus sp.	Sichuan	2016-08	10.3389/fmicb.2019.01900	31.34931671010588	102.62903716097208	Sichuan	nan	N	N	N	N
OK017849.1	YN2016C	Rhinolophus sinicus	Yunnan	2016-08	10.1093/nsr/nwac213	24.2662109374504	101.49052981981724	Yunnan	nan	N	N	N	N
OK017846.1	SC2018B	Rhinolophus sinicus	Sichuan	2016-08	10.1093/nsr/nwac213	31.34931671010588	102.62903716097208	Sichuan	nan	N	N	N	N
OK017847.1	YN2016A	Rhinolophus sinicus	Yunnan	2016-08	10.1093/nsr/nwac213	24.2662109374504	101.49052981981724	Yunnan	nan	N	N	N	N
OK017851.1	YN2016E	Rhinolophus sinicus	Yunnan	2016-08	10.1093/nsr/nwac213	24.2662109374504	101.49052981981724	Yunnan	nan	N	N	N	N
OK017850.1	YN2016D	Rhinolophus sinicus	Yunnan	2016-08	10.1093/nsr/nwac213	24.2662109374504	101.49052981981724	Yunnan	nan	N	N	N	N
OK017848.1	YN2016B	Rhinolophus sinicus	Yunnan	2016-08	10.1093/nsr/nwac213	24.2662109374504	101.49052981981724	Yunnan	nan	N	N	N	N
OK017812.1	GD2016B	Rhinolophus sinicus	Guangdong	2016-07	10.1093/nsr/nwac213	23.86367166708743	115.13543046617524	Guangdong	nan	N	N	N	N
KY938558.1	16BO133	Rhinolophus ferrumequinum	South Korea	2016-04-17	10.1007/s00248-017-1033-8	35.474422132221775	127.14481012626948	Jeollabuk-do	nan	N	N	N	N
KY417152.1	Rs9401	Rhinolophus sinicus	Yunnan	2015-10-16	10.1371/journal.ppat.1006698	24.883105430318807	102.82153645198404	Kunming	nan	N	N	N	N
OQ503497.1	RsGZ2015	Rhinolophus sinicus	Guizhou	2015-08-29	10.1128/jvi.00395-23	27.58408	108.51612	Shiqian county, Tongren city	nan	N	N	N	N
MG772934.1	bat-SL-CoVZXC21	Rhinolophus pusillus	Zhejiang	2015-07	10.1038/s41426-018-0155-5	29.99128034	122.1944505	Zhoushan	nan	Y	Y	Y	Y
GWHBAUT01000001	Rs7952	 Rhinolophus stheno	Yunnan	2015-05	10.1080/22221751.2021.1956373	23.292984115330405	101.38369522652954	Tongguan Town	nan	N	N	N	N
GWHBAUN01000001	Rs7905	 Rhinolophus stheno	Yunnan	2015-05	10.1080/22221751.2021.1956373	23.292984115330405	101.38369522652954	Tongguan Town	nan	N	N	N	N
GWHBAUR01000001	Rs7924	 Rhinolophus stheno	Yunnan	2015-05	10.1080/22221751.2021.1956373	23.292984115330405	101.38369522652954	Tongguan Town	nan	N	N	N	N
GWHBAUQ01000001	Rs7921	 Rhinolophus stheno	Yunnan	2015-05	10.1080/22221751.2021.1956373	23.292984115330405	101.38369522652954	Tongguan Town	nan	N	N	N	N
GWHBAUP01000001	RaTG15	 Rhinolophus affinis	Yunnan	2015-05	10.1080/22221751.2021.1956373	23.292984115330405	101.38369522652954	Tongguan Town	nan	N	Y	N	N
GWHBAUM01000001	Rs7896	 Rhinolophus stheno	Yunnan	2015-05	10.1080/22221751.2021.1956373	23.292984115330405	101.38369522652954	Tongguan Town	nan	N	N	N	N
GWHBAUO01000001	Rs7907	 Rhinolophus stheno	Yunnan	2015-05	10.1080/22221751.2021.1956373	23.292984115330405	101.38369522652954	Tongguan Town	nan	N	N	N	N
GWHBAUS01000001	Rs7931	 Rhinolophus stheno	Yunnan	2015-05	10.1080/22221751.2021.1956373	23.292984115330405	101.38369522652954	Tongguan Town	nan	N	N	N	N
KY417151.1	Rs7327	Rhinolophus sinicus	Yunnan	2014-10-24	10.1371/journal.ppat.1006698	24.883105430318807	102.82153645198404	Kunming	nan	N	N	N	N
OQ503496.1	RsGD2014B	Rhinolophus sinicus	Guangdong	2014-09-02	10.1128/jvi.00395-23	23.740333	113.83755	Conghua county, Guangzhou city	nan	N	N	N	N
OQ503495.1	RsGD2014A	Rhinolophus sinicus	Guangdong	2014-09-02	10.1128/jvi.00395-23	23.740333	113.83755	Conghua county, Guangzhou city	nan	N	N	N	N
KY417142.1	As6526	Aselliscus stoliczkanus	Yunnan	2014-05-12	10.1371/journal.ppat.1006698	24.883105430318807	102.82153645198404	Kunming	nan	N	N	N	N
OQ503502.1	RsYN2014	Rhinolophus sinicus	Yunnan	2014-05-07	10.1128/jvi.00395-23	24.95086	102.17924	Lufeng county, Chuxiong city	nan	N	N	N	N
KU182964.1	JTMC15	Rhinolophus ferrumequinum	Jilin	2013-08	10.1007/s12250-016-3727-3	41.729835979495256	125.9382598104726	Tonghua, Jilin	nan	N	N	N	N
MN996532.2	RaTG13	Rhinolophus affinis	Yunnan	2013-07-24	10.1038/s41586-020-2012-7	23.29298412	101.3836952	Tongguan Town	nan	Y	Y	Y	Y
KY417150.1	Rs4874	Rhinolophus sinicus	Yunnan	2013-07-21	10.1371/journal.ppat.1006698	24.883105430318807	102.82153645198404	Kunming	nan	N	N	N	N
KT444582.1	WIV16	Rhinolophus sinicus	Yunnan	2013-07-21	10.1128/JVI.02582-15	24.883105430318807	102.82153645198404	Kunming	nan	N	N	N	N
MT726043.1	PREDICT/PDF-2386/OTBA40RSV	Rhinolophus sp.	Uganda	2013-05-30	10.1093/ve/veab007	1.6819917020617297	32.038326495192216	Uganda	nan	N	N	N	N
MT726044.1	PREDICT/PDF-2370/OTBA35RSV	Rhinolophus sp.	Uganda	2013-05-30	10.1093/ve/veab007	1.6819917020617297	32.038326495192216	Uganda	nan	N	N	N	N
KP886808.1	YNLF_31C	Rhinolophus ferrumequinum	Yunnan	2013-05-23	nan	25.14915365	102.0748286	Lufeng	nan	N	N	N	N
KP886809.1	YNLF_34C	Rhinolophus ferrumequinum	Yunnan	2013-05-23	nan	25.14915365	102.0748286	Lufeng	nan	N	N	N	N
KY417147.1	Rs4237	Rhinolophus sinicus	Yunnan	2013-04-17	10.1371/journal.ppat.1006698	24.883105430318807	102.82153645198404	Kunming	nan	N	N	N	N
KY417148.1	Rs4247	Rhinolophus sinicus	Yunnan	2013-04-17	10.1371/journal.ppat.1006698	24.883105430318807	102.82153645198404	Kunming	nan	N	N	N	N
KY417146.1	Rs4231	Rhinolophus sinicus	Yunnan	2013-04-17	10.1371/journal.ppat.1006698	24.883105430318807	102.82153645198404	Kunming	nan	N	N	N	N
KY417149.1	Rs4255	Rhinolophus sinicus	Yunnan	2013-04-17	10.1371/journal.ppat.1006698	24.883105430318807	102.82153645198404	Kunming	nan	N	N	N	N
OQ503501.1	RsYN2013	Rhinolophus sinicus	Yunnan	2013-04-17	10.1128/jvi.00395-23	24.49791	102.21805	Xiyang town, Jinning county, Kunming city	nan	N	N	N	N
KJ473816.1	BtRs-YN2013	Rhinolophus sinicus	Yunnan	2013	10.1093/infdis/jiv476	24.883105430318807	102.82153645198404	Kunming	nan	N	N	N	N
LC556375.1	Rc-o319	Rhinolophus cornutus	Iwate	2013	10.3201/eid2612.203386	39.4579663	141.3566069	Iwate	nan	Y	Y	N	N
KJ473813.1	BtRf-SX2013	Rhinolophus ferrumequinum	Shanxi	2013	10.1093/infdis/jiv476	37.02145899010558	112.32092475914772	Shanxi	nan	N	N	N	N
KJ473812.1	BtRf-HeB2013	Rhinolophus ferrumequinum	Hebei	2013	10.1093/infdis/jiv476	39.04257009016735	115.30952951168858	Hebei	nan	Y	N	N	N
KJ473815.1	BtRs-GX2013	Rhinolophus sinicus	Guangxi	2013	10.1093/infdis/jiv476	24.40606099984232	111.56341552729944	Hezhou	nan	N	N	N	N
KY770859.1	Anlong-112	Rhinolophus sinicus	Guizhou	2013	10.1016/j.virol.2017.03.019	25.095474745049195	105.4353960325423	Anlong	nan	N	N	N	N
KY770858.1	Anlong-103	Rhinolophus sinicus	Guizhou	2013	10.1016/j.virol.2017.03.019	25.095474745049195	105.4353960325423	Anlong	nan	N	N	N	N
KJ473814.1	BtRs-HuB2013	Rhinolophus sinicus	Hubei	2013	10.1038/ismej.2015.138	31.21313842	112.0009523	Hubei	nan	N	N	N	N
KY417143.1	Rs4081	Rhinolophus sinicus	Yunnan	2012-09-18	10.1038/nature12711	24.883105430318807	102.82153645198404	Kunming	nan	N	N	N	N
OQ503500.1	RsYN2012	Rhinolophus sinicus	Yunnan	2012-09-18	10.1128/jvi.00395-23	24.49791	102.21805	Xiyang town, Jinning county, Kunming city	nan	N	N	N	N
KY417145.1	Rf4092	Rhinolophus ferrumequinum	Yunnan	2012-09-18	10.1371/journal.ppat.1006698	24.883105430318807	102.82153645198404	Kunming	nan	N	N	N	N
KY417144.1	Rs4084	Rhinolophus sinicus	Yunnan	2012-09-18	10.1371/journal.ppat.1006698	24.883105430318807	102.82153645198404	Kunming	nan	N	N	N	N
KF367457.1	WIV1	Rhinolophus sinicus	Yunnan	2012-09	10.1038/nature12711	24.88310543	102.8215365	Kunming	nan	Y	N	N	N
KC881006.1	Rs3367	Rhinolophus sinicus	Yunnan	2012-03-19	10.1038/nature12711	24.883105430318807	102.82153645198404	Kunming	nan	N	N	N	N
KF294457.1	Longquan-140	Rhinolophus monoceros	Zhejiang	2012	10.1016/j.virol.2017.03.019	28.07669997	119.1394854	Longquan	nan	N	N	N	N
KU973692.1	F46	Rhinolophus pusillus	Yunnan	2012	10.1038/emi.2016.140	24.3949677	98.51836864	Mangshi	nan	N	N	N	N
KY770860.1	Jiyuan-84	Rhinolophus ferrumequinum	Henan	2012	10.1016/j.virol.2017.03.019	35.08167677437168	112.61288458828017	Jiyuan	nan	N	N	N	N
KJ473811.1	BtRf-JL2012	Rhinolophus ferrumequinum	Jilin	2012	nan	43.22913974	126.9370081	Jilin	nan	N	N	N	N
MT726045.1	PREDICT/PRD-0038/AABSMF	Rhinolophus sp.	Rwanda	2011-09-27	10.1093/ve/veab007	-1.8737527023949927	29.621260535733963	Rwanda	nan	N	N	N	N
JX993987.1	Rp/Shaanxi2011	Rhinolophus pusillus	Shaanxi	2011-09	10.3201/eid1906.121648	36.02900378	109.643279	Shaanxi	nan	Y	N	N	N
KC881005.1	RsSHC014	Rhinolophus sinicus	Yunnan	2011-04-17	10.1038/nature12711	24.883105430318807	102.82153645198404	Kunming	nan	N	N	N	N
KF569996.1	LYRa11	Rhinolophus affinis	Yunnan	2011	10.1128/JVI.00631-14	25.25125189	99.11107516	Baoshan, Yunnan	nan	Y	N	N	N
JX993988.1	Cp/Yunnan2011	Chaerephon plicata	Yunnan	2011	10.3201/eid1906.121648	24.26621094	101.4905298	Yunnan	nan	N	N	N	N
EPI_ISL_852604	RshSTT182	Rhinolophus shameli	Cambodia	2010-12-06	10.1101/2021.01.26.428212	13.72259968	106.25267209999998	Steung Treng Province	nan	N	Y	N	Y
EPI_ISL_852605	RshSTT200	Rhinolophus shameli	Cambodia	2010-12-06	10.1101/2021.01.26.428212	13.72259968	106.25267209999998	Steung Treng Province	nan	Y	N	N	N
NC_014470.1	BM48-31	Rhinolophus blasii	Bulgaria	2008	10.1128/JVI.00650-10	42.090717655816704	27.67733227813969	Strandzha Nature Park	nan	Y	N	N	N
GQ153548.1	HKU3-13	Rhinolophus sinicus	Guangdong	2007-11-15	10.1128/JVI.02219-09	22.3334297	114.1770884	Hong Kong	nan	N	N	N	N
KY352407.1	BtKY72	Rhinolophus sp.	Kenya	2007-08	10.1128/MRA.00548-19	0.3802214649993059	37.76283048316015	Kenya	nan	Y	N	N	N
GQ153547.1	HKU3-12	Rhinolophus sinicus	Guangdong	2007-05-15	10.1128/JVI.02219-09	22.3334297	114.1770884	Hong Kong	nan	N	N	N	N
GQ153546.1	HKU3-11	Rhinolophus sinicus	Guangdong	2007-03-07	10.1128/JVI.02219-09	22.3334297	114.1770884	Hong Kong	nan	N	N	N	N
GQ153544.1	HKU3-9	Rhinolophus sinicus	Guangdong	2006-08-28	10.1128/JVI.02219-09	22.3334297	114.1770884	Hong Kong	nan	N	N	N	N
GQ153545.1	HKU3-10	Rhinolophus sinicus	Guangdong	2006-08-28	10.1128/JVI.02219-09	22.3334297	114.1770884	Hong Kong	nan	N	N	N	N
GQ153543.1	HKU3-8	Rhinolophus sinicus	Guangdong	2006-02-15	10.1128/JVI.02219-09	22.3334297	114.1770884	Hong Kong	nan	N	N	N	N
GQ153542.1	HKU3-7	Rhinolophus sinicus	Guangdong	2006-02-15	10.1128/JVI.02219-09	22.3334297	114.1770884	Hong Kong	nan	N	N	N	N
FJ588686.1	Rs672	Rhinolophus sinicus	Guizhou	2006	10.1099/vir.0.016378-0	27.527048807109463	107.59901736825704	Guizhou	nan	N	N	N	N
GQ153541.1	HKU3-6	Rhinolophus sinicus	Guangdong	2005-12-16	10.1128/JVI.02219-09	22.3334297	114.1770884	Hong Kong	nan	N	N	N	N
GQ153540.1	HKU3-5	Rhinolophus sinicus	Guangdong	2005-09-20	10.1128/JVI.02219-09	22.3334297	114.1770884	Hong Kong	nan	N	N	N	N
GQ153539.1	HKU3-4	Rhinolophus sinicus	Guangdong	2005-09-20	10.1128/JVI.02219-09	22.3334297	114.1770884	Hong Kong	nan	N	N	N	N
DQ084200.1	HKU3-3	Rhinolophus sinicus	Guangdong	2005-03-17	10.1128/JVI.02219-09	22.3334297	114.1770884	Hong Kong	nan	N	N	N	N
DQ084199.1	HKU3-2	Rhinolophus sinicus	Guangdong	2005-02-24	10.1128/JVI.02219-09	22.3334297	114.1770884	Hong Kong	nan	N	N	N	N
DQ022305.2	HKU3-1	Rhinolophus sinicus	Guangdong	2005-02-17	10.1128/JVI.02219-09	22.3334297	114.1770884	Hong Kong	nan	Y	N	N	N
DQ071615.1	Rp3	Rhinolophus pearsoni	Guangxi	2004-12	10.1126/science.1118391	22.859655983680145	108.35581145802244	Nanning	nan	N	N	N	N
DQ412043.1	Rm1	Rhinolophus macrotis	Hubei	2004-11	10.1126/science.1118391	30.693192888459222	111.29423882047676	Yichang	nan	N	N	N	N
DQ412042.1	Rf1	Rhinolophus ferrumequinum	Hubei	2004-11	10.1126/science.1118391	30.693192888459222	111.29423882047676	Yichang	nan	Y	N	N	N
DQ648857.1	BtCoV/279/2005	Rhinolophus macrotis	Hubei	2004	10.1128/JVI.00697-06	31.695111423993936	111.07961660868963	Hubei	nan	N	N	N	N
AY394995.1	SARS-CoV	Homo sapiens	Guangdong	2002-12	10.1126/science.1092002	23.18938968023	113.22208821094604	Guangzhou	nan	Y	Y	N	N
